,mean_fit_time,mean_score_time,mean_test_score,mean_train_score,param_max_depth,params,rank_test_score,split0_test_score,split0_train_score,split1_test_score,split1_train_score,split2_test_score,split2_train_score,split3_test_score,split3_train_score,split4_test_score,split4_train_score,split5_test_score,split5_train_score,split6_test_score,split6_train_score,split7_test_score,split7_train_score,split8_test_score,split8_train_score,split9_test_score,split9_train_score,std_fit_time,std_score_time,std_test_score,std_train_score
0,1.4638635873794557,0.0025302410125732423,0.437374299490881,0.43857532018087053,2,{'max_depth': 2},2,0.43749999999999994,0.436586329514026,0.4522968197879858,0.4351084812623274,0.4448462929475588,0.4498877321902429,0.4275862068965518,0.44032675831839013,0.4583333333333333,0.43444227005870834,0.42477876106194695,0.43800512517248175,0.42807017543859655,0.44024656989461125,0.4313725490196078,0.4372661020287571,0.44036697247706424,0.43628509719222464,0.4285714285714285,0.43759873617693523,0.03770680558512509,0.0020830198054018643,0.010868999130016715,0.004184811203257963
1,2.896140766143799,0.003059983253479004,0.6876362834752929,0.7017760822845331,4,{'max_depth': 4},1,0.6961651917404129,0.739349211673935,0.7636363636363637,0.7577426015141088,0.6852367688022283,0.6987724268177526,0.6507936507936508,0.6704784832982246,0.7023809523809523,0.7193828351012537,0.6816901408450704,0.6777811458017581,0.6611570247933883,0.6813052759987801,0.6269430051813472,0.6537460225629159,0.6666666666666665,0.6599882144961696,0.7416413373860182,0.759214605580434,0.09271127963284904,0.002783683448810263,0.03899507225016628,0.037669162582120184
